model,mae,rmse,r2
gradient_boosting_combined,0.23950244856846523,0.4245317731470217,0.08097634995674596
