model,mae,rmse,r2
linear_regression_v1,1.0002850119530788,1.155743922172822,-0.02410706664679152
gradient_boosting_v1,1.0995711028525013,1.2727678100391786,-0.24199684386313325
random_forest_v1,1.172879583814978,1.3528680326924492,-0.4032433607113828
